-- テストデータ挿入SQL
-- 全てのテーブルに対応したサンプルデータ

-- ユーザーデータ
INSERT INTO public.users (id, name, created_at) VALUES
('550e8400-e29b-41d4-a716-446655440001', 'テストユーザー1', '2025-01-01T00:00:00Z'),
('550e8400-e29b-41d4-a716-446655440002', 'テストユーザー2', '2025-01-01T00:00:00Z'),
('550e8400-e29b-41d4-a716-446655440003', '田中太郎', '2025-01-01T00:00:00Z');

-- 筋肉群データ
INSERT INTO public.muscle_groups (id, name, created_at) VALUES
('650e8400-e29b-41d4-a716-446655440001', '胸', '2025-01-01T00:00:00Z'),
('650e8400-e29b-41d4-a716-446655440002', '背中', '2025-01-01T00:00:00Z'),
('650e8400-e29b-41d4-a716-446655440003', '肩', '2025-01-01T00:00:00Z'),
('650e8400-e29b-41d4-a716-446655440004', '脚', '2025-01-01T00:00:00Z'),
('650e8400-e29b-41d4-a716-446655440005', '腕', '2025-01-01T00:00:00Z'),
('650e8400-e29b-41d4-a716-446655440006', '腹筋', '2025-01-01T00:00:00Z');

-- エクササイズデータ（ユーザー1用）
INSERT INTO public.exercises (id, user_id, name, description, created_at) VALUES
('750e8400-e29b-41d4-a716-446655440001', '550e8400-e29b-41d4-a716-446655440001', 'ベンチプレス', '胸の基本種目', '2025-01-01T00:00:00Z'),
('750e8400-e29b-41d4-a716-446655440002', '550e8400-e29b-41d4-a716-446655440001', 'ショルダープレス', '肩の基本種目', '2025-01-01T00:00:00Z'),
('750e8400-e29b-41d4-a716-446655440003', '550e8400-e29b-41d4-a716-446655440001', 'デッドリフト', '背中と脚の複合種目', '2025-01-01T00:00:00Z'),
('750e8400-e29b-41d4-a716-446655440004', '550e8400-e29b-41d4-a716-446655440001', 'スクワット', '脚の基本種目', '2025-01-01T00:00:00Z'),
('750e8400-e29b-41d4-a716-446655440005', '550e8400-e29b-41d4-a716-446655440001', 'バーベルカール', '上腕二頭筋の種目', '2025-01-01T00:00:00Z'),
('750e8400-e29b-41d4-a716-446655440006', '550e8400-e29b-41d4-a716-446655440001', 'インクラインベンチプレス', '上部胸筋の種目', '2025-01-01T00:00:00Z'),
('750e8400-e29b-41d4-a716-446655440007', '550e8400-e29b-41d4-a716-446655440001', 'ラットプルダウン', '広背筋の種目', '2025-01-01T00:00:00Z'),
('750e8400-e29b-41d4-a716-446655440008', '550e8400-e29b-41d4-a716-446655440001', 'レッグプレス', '脚の補助種目', '2025-01-01T00:00:00Z'),
('750e8400-e29b-41d4-a716-446655440009', '550e8400-e29b-41d4-a716-446655440001', 'ダンベルフライ', '胸の分離種目', '2025-01-01T00:00:00Z'),
('750e8400-e29b-41d4-a716-446655440010', '550e8400-e29b-41d4-a716-446655440001', 'プッシュアップ', '自重胸トレーニング', '2025-01-01T00:00:00Z');

-- エクササイズデータ（ユーザー2用）
INSERT INTO public.exercises (id, user_id, name, description, created_at) VALUES
('750e8400-e29b-41d4-a716-446655440011', '550e8400-e29b-41d4-a716-446655440002', 'ベンチプレス', '胸の基本種目', '2025-01-01T00:00:00Z'),
('750e8400-e29b-41d4-a716-446655440012', '550e8400-e29b-41d4-a716-446655440002', 'スクワット', '脚の基本種目', '2025-01-01T00:00:00Z'),
('750e8400-e29b-41d4-a716-446655440013', '550e8400-e29b-41d4-a716-446655440002', 'デッドリフト', '背中と脚の複合種目', '2025-01-01T00:00:00Z');

-- エクササイズと筋肉群の関連データ
INSERT INTO public.exercise_muscle_groups (id, exercise_id, muscle_group_id, is_primary) VALUES
-- ベンチプレス（ユーザー1）
('850e8400-e29b-41d4-a716-446655440001', '750e8400-e29b-41d4-a716-446655440001', '650e8400-e29b-41d4-a716-446655440001', true),
('850e8400-e29b-41d4-a716-446655440002', '750e8400-e29b-41d4-a716-446655440001', '650e8400-e29b-41d4-a716-446655440003', false),
-- ショルダープレス（ユーザー1）
('850e8400-e29b-41d4-a716-446655440003', '750e8400-e29b-41d4-a716-446655440002', '650e8400-e29b-41d4-a716-446655440003', true),
-- デッドリフト（ユーザー1）
('850e8400-e29b-41d4-a716-446655440004', '750e8400-e29b-41d4-a716-446655440003', '650e8400-e29b-41d4-a716-446655440002', true),
('850e8400-e29b-41d4-a716-446655440005', '750e8400-e29b-41d4-a716-446655440003', '650e8400-e29b-41d4-a716-446655440004', false),
-- スクワット（ユーザー1）
('850e8400-e29b-41d4-a716-446655440006', '750e8400-e29b-41d4-a716-446655440004', '650e8400-e29b-41d4-a716-446655440004', true),
-- バーベルカール（ユーザー1）
('850e8400-e29b-41d4-a716-446655440007', '750e8400-e29b-41d4-a716-446655440005', '650e8400-e29b-41d4-a716-446655440005', true);

-- ワークアウト日データ
INSERT INTO public.workout_days (id, user_id, date, title, notes, created_at, updated_at) VALUES
-- ユーザー1のワークアウト
('950e8400-e29b-41d4-a716-446655440001', '550e8400-e29b-41d4-a716-446655440001', '2025-07-26', '胸・肩の日', '調子良好', '2025-07-26T09:00:00Z', '2025-07-26T11:00:00Z'),
('950e8400-e29b-41d4-a716-446655440002', '550e8400-e29b-41d4-a716-446655440001', '2025-07-23', '背中・腕の日', '少し疲れ気味', '2025-07-23T09:00:00Z', '2025-07-23T11:00:00Z'),
('950e8400-e29b-41d4-a716-446655440003', '550e8400-e29b-41d4-a716-446655440001', '2025-07-20', '脚の日', '高重量でチャレンジ', '2025-07-20T08:00:00Z', '2025-07-20T09:30:00Z'),
('950e8400-e29b-41d4-a716-446655440004', '550e8400-e29b-41d4-a716-446655440001', '2025-07-17', '胸・腕の日', 'フォーム重視', '2025-07-17T10:00:00Z', '2025-07-17T11:30:00Z'),
('950e8400-e29b-41d4-a716-446655440005', '550e8400-e29b-41d4-a716-446655440001', '2025-07-14', '背中・肩の日', '新しい重量に挑戦', '2025-07-14T09:00:00Z', '2025-07-14T10:45:00Z'),
-- ユーザー2のワークアウト
('950e8400-e29b-41d4-a716-446655440006', '550e8400-e29b-41d4-a716-446655440002', '2025-07-25', '全身トレーニング', '初回トレーニング', '2025-07-25T10:00:00Z', '2025-07-25T11:30:00Z');

-- ワークアウト記録データ
INSERT INTO public.workout_records (id, workout_day_id, exercise_id, notes, created_at, updated_at) VALUES
-- 2025-07-26（最新）- ユーザー1
('a50e8400-e29b-41d4-a716-446655440001', '950e8400-e29b-41d4-a716-446655440001', '750e8400-e29b-41d4-a716-446655440001', '今日は調子が良く、重量を5kg上げることができた！', '2025-07-26T10:00:00Z', '2025-07-26T10:30:00Z'),
('a50e8400-e29b-41d4-a716-446655440002', '950e8400-e29b-41d4-a716-446655440001', '750e8400-e29b-41d4-a716-446655440002', '', '2025-07-26T10:45:00Z', '2025-07-26T11:00:00Z'),
-- 2025-07-23 - ユーザー1
('a50e8400-e29b-41d4-a716-446655440003', '950e8400-e29b-41d4-a716-446655440002', '750e8400-e29b-41d4-a716-446655440001', '胸の日だが肩も一緒にやった。少し疲れ気味。', '2025-07-23T10:00:00Z', '2025-07-23T10:30:00Z'),
('a50e8400-e29b-41d4-a716-446655440004', '950e8400-e29b-41d4-a716-446655440002', '750e8400-e29b-41d4-a716-446655440002', '', '2025-07-23T10:45:00Z', '2025-07-23T11:00:00Z'),
('a50e8400-e29b-41d4-a716-446655440005', '950e8400-e29b-41d4-a716-446655440002', '750e8400-e29b-41d4-a716-446655440003', '', '2025-07-23T09:00:00Z', '2025-07-23T09:30:00Z'),
('a50e8400-e29b-41d4-a716-446655440006', '950e8400-e29b-41d4-a716-446655440002', '750e8400-e29b-41d4-a716-446655440005', '', '2025-07-23T09:30:00Z', '2025-07-23T10:00:00Z'),
-- 2025-07-20 - ユーザー1
('a50e8400-e29b-41d4-a716-446655440007', '950e8400-e29b-41d4-a716-446655440003', '750e8400-e29b-41d4-a716-446655440004', '', '2025-07-20T08:30:00Z', '2025-07-20T08:30:00Z'),
-- 2025-07-17 - ユーザー1
('a50e8400-e29b-41d4-a716-446655440008', '950e8400-e29b-41d4-a716-446655440004', '750e8400-e29b-41d4-a716-446655440001', '', '2025-07-17T10:15:00Z', '2025-07-17T10:30:00Z'),
('a50e8400-e29b-41d4-a716-446655440009', '950e8400-e29b-41d4-a716-446655440004', '750e8400-e29b-41d4-a716-446655440009', '', '2025-07-17T10:30:00Z', '2025-07-17T10:45:00Z'),
('a50e8400-e29b-41d4-a716-446655440010', '950e8400-e29b-41d4-a716-446655440004', '750e8400-e29b-41d4-a716-446655440005', '', '2025-07-17T10:45:00Z', '2025-07-17T11:00:00Z'),
-- 2025-07-14 - ユーザー1
('a50e8400-e29b-41d4-a716-446655440011', '950e8400-e29b-41d4-a716-446655440005', '750e8400-e29b-41d4-a716-446655440003', '', '2025-07-14T09:15:00Z', '2025-07-14T09:30:00Z'),
('a50e8400-e29b-41d4-a716-446655440012', '950e8400-e29b-41d4-a716-446655440005', '750e8400-e29b-41d4-a716-446655440007', '', '2025-07-14T09:30:00Z', '2025-07-14T09:45:00Z'),
-- ユーザー2
('a50e8400-e29b-41d4-a716-446655440013', '950e8400-e29b-41d4-a716-446655440006', '750e8400-e29b-41d4-a716-446655440011', '', '2025-07-25T10:15:00Z', '2025-07-25T10:30:00Z');

-- ワークアウトセットデータ
INSERT INTO public.workout_sets (id, workout_record_id, reps, sub_reps, weight, created_at, updated_at) VALUES
-- 2025-07-26 ベンチプレス（最新）
('b50e8400-e29b-41d4-a716-446655440001', 'a50e8400-e29b-41d4-a716-446655440001', 8, 2, 85.0, '2025-07-26T10:00:00Z', '2025-07-26T10:00:00Z'),
('b50e8400-e29b-41d4-a716-446655440002', 'a50e8400-e29b-41d4-a716-446655440001', 6, 1, 85.0, '2025-07-26T10:05:00Z', '2025-07-26T10:05:00Z'),
('b50e8400-e29b-41d4-a716-446655440003', 'a50e8400-e29b-41d4-a716-446655440001', 8, 0, 80.0, '2025-07-26T10:10:00Z', '2025-07-26T10:10:00Z'),
-- 2025-07-26 ショルダープレス
('b50e8400-e29b-41d4-a716-446655440004', 'a50e8400-e29b-41d4-a716-446655440002', 10, 3, 42.5, '2025-07-26T10:45:00Z', '2025-07-26T10:45:00Z'),
('b50e8400-e29b-41d4-a716-446655440005', 'a50e8400-e29b-41d4-a716-446655440002', 8, 0, 42.5, '2025-07-26T10:50:00Z', '2025-07-26T10:50:00Z'),
('b50e8400-e29b-41d4-a716-446655440006', 'a50e8400-e29b-41d4-a716-446655440002', 12, 2, 40.0, '2025-07-26T10:55:00Z', '2025-07-26T10:55:00Z'),

-- 2025-07-23 ベンチプレス
('b50e8400-e29b-41d4-a716-446655440007', 'a50e8400-e29b-41d4-a716-446655440003', 8, 0, 80.0, '2025-07-23T10:00:00Z', '2025-07-23T10:00:00Z'),
('b50e8400-e29b-41d4-a716-446655440008', 'a50e8400-e29b-41d4-a716-446655440003', 6, 0, 80.0, '2025-07-23T10:05:00Z', '2025-07-23T10:05:00Z'),
('b50e8400-e29b-41d4-a716-446655440009', 'a50e8400-e29b-41d4-a716-446655440003', 8, 0, 75.0, '2025-07-23T10:10:00Z', '2025-07-23T10:10:00Z'),
-- 2025-07-23 ショルダープレス
('b50e8400-e29b-41d4-a716-446655440010', 'a50e8400-e29b-41d4-a716-446655440004', 10, 0, 40.0, '2025-07-23T10:45:00Z', '2025-07-23T10:45:00Z'),
('b50e8400-e29b-41d4-a716-446655440011', 'a50e8400-e29b-41d4-a716-446655440004', 8, 0, 40.0, '2025-07-23T10:50:00Z', '2025-07-23T10:50:00Z'),
('b50e8400-e29b-41d4-a716-446655440012', 'a50e8400-e29b-41d4-a716-446655440004', 12, 0, 35.0, '2025-07-23T10:55:00Z', '2025-07-23T10:55:00Z'),
-- 2025-07-23 デッドリフト
('b50e8400-e29b-41d4-a716-446655440013', 'a50e8400-e29b-41d4-a716-446655440005', 5, 1, 105.0, '2025-07-23T09:00:00Z', '2025-07-23T09:00:00Z'),
('b50e8400-e29b-41d4-a716-446655440014', 'a50e8400-e29b-41d4-a716-446655440005', 5, 0, 105.0, '2025-07-23T09:05:00Z', '2025-07-23T09:05:00Z'),
('b50e8400-e29b-41d4-a716-446655440015', 'a50e8400-e29b-41d4-a716-446655440005', 6, 2, 100.0, '2025-07-23T09:10:00Z', '2025-07-23T09:10:00Z'),
-- 2025-07-23 バーベルカール
('b50e8400-e29b-41d4-a716-446655440016', 'a50e8400-e29b-41d4-a716-446655440006', 12, 0, 32.5, '2025-07-23T09:30:00Z', '2025-07-23T09:30:00Z'),
('b50e8400-e29b-41d4-a716-446655440017', 'a50e8400-e29b-41d4-a716-446655440006', 10, 0, 32.5, '2025-07-23T09:35:00Z', '2025-07-23T09:35:00Z'),
('b50e8400-e29b-41d4-a716-446655440018', 'a50e8400-e29b-41d4-a716-446655440006', 15, 0, 30.0, '2025-07-23T09:40:00Z', '2025-07-23T09:40:00Z'),

-- 2025-07-20 スクワット
('b50e8400-e29b-41d4-a716-446655440019', 'a50e8400-e29b-41d4-a716-446655440007', 10, 5, 90.0, '2025-07-20T08:30:00Z', '2025-07-20T08:30:00Z'),
('b50e8400-e29b-41d4-a716-446655440020', 'a50e8400-e29b-41d4-a716-446655440007', 12, 0, 85.0, '2025-07-20T08:35:00Z', '2025-07-20T08:35:00Z'),
('b50e8400-e29b-41d4-a716-446655440021', 'a50e8400-e29b-41d4-a716-446655440007', 15, 3, 80.0, '2025-07-20T08:40:00Z', '2025-07-20T08:40:00Z'),

-- 2025-07-17 ベンチプレス
('b50e8400-e29b-41d4-a716-446655440022', 'a50e8400-e29b-41d4-a716-446655440008', 10, 0, 75.0, '2025-07-17T10:15:00Z', '2025-07-17T10:15:00Z'),
('b50e8400-e29b-41d4-a716-446655440023', 'a50e8400-e29b-41d4-a716-446655440008', 8, 0, 75.0, '2025-07-17T10:20:00Z', '2025-07-17T10:20:00Z'),
('b50e8400-e29b-41d4-a716-446655440024', 'a50e8400-e29b-41d4-a716-446655440008', 12, 0, 70.0, '2025-07-17T10:25:00Z', '2025-07-17T10:25:00Z'),
-- 2025-07-17 ダンベルフライ
('b50e8400-e29b-41d4-a716-446655440025', 'a50e8400-e29b-41d4-a716-446655440009', 12, 0, 22.5, '2025-07-17T10:30:00Z', '2025-07-17T10:30:00Z'),
('b50e8400-e29b-41d4-a716-446655440026', 'a50e8400-e29b-41d4-a716-446655440009', 10, 0, 22.5, '2025-07-17T10:35:00Z', '2025-07-17T10:35:00Z'),
('b50e8400-e29b-41d4-a716-446655440027', 'a50e8400-e29b-41d4-a716-446655440009', 15, 0, 20.0, '2025-07-17T10:40:00Z', '2025-07-17T10:40:00Z'),
-- 2025-07-17 バーベルカール
('b50e8400-e29b-41d4-a716-446655440028', 'a50e8400-e29b-41d4-a716-446655440010', 10, 0, 30.0, '2025-07-17T10:45:00Z', '2025-07-17T10:45:00Z'),
('b50e8400-e29b-41d4-a716-446655440029', 'a50e8400-e29b-41d4-a716-446655440010', 8, 0, 30.0, '2025-07-17T10:50:00Z', '2025-07-17T10:50:00Z'),
('b50e8400-e29b-41d4-a716-446655440030', 'a50e8400-e29b-41d4-a716-446655440010', 12, 0, 27.5, '2025-07-17T10:55:00Z', '2025-07-17T10:55:00Z'),

-- 2025-07-14 デッドリフト
('b50e8400-e29b-41d4-a716-446655440031', 'a50e8400-e29b-41d4-a716-446655440011', 5, 0, 100.0, '2025-07-14T09:15:00Z', '2025-07-14T09:15:00Z'),
('b50e8400-e29b-41d4-a716-446655440032', 'a50e8400-e29b-41d4-a716-446655440011', 5, 0, 100.0, '2025-07-14T09:20:00Z', '2025-07-14T09:20:00Z'),
('b50e8400-e29b-41d4-a716-446655440033', 'a50e8400-e29b-41d4-a716-446655440011', 6, 0, 95.0, '2025-07-14T09:25:00Z', '2025-07-14T09:25:00Z'),
-- 2025-07-14 ラットプルダウン
('b50e8400-e29b-41d4-a716-446655440034', 'a50e8400-e29b-41d4-a716-446655440012', 12, 0, 55.0, '2025-07-14T09:30:00Z', '2025-07-14T09:30:00Z'),
('b50e8400-e29b-41d4-a716-446655440035', 'a50e8400-e29b-41d4-a716-446655440012', 10, 0, 55.0, '2025-07-14T09:35:00Z', '2025-07-14T09:35:00Z'),
('b50e8400-e29b-41d4-a716-446655440036', 'a50e8400-e29b-41d4-a716-446655440012', 15, 0, 50.0, '2025-07-14T09:40:00Z', '2025-07-14T09:40:00Z'),

-- ユーザー2のデータ
('b50e8400-e29b-41d4-a716-446655440037', 'a50e8400-e29b-41d4-a716-446655440013', 8, 0, 60.0, '2025-07-25T10:15:00Z', '2025-07-25T10:15:00Z'),
('b50e8400-e29b-41d4-a716-446655440038', 'a50e8400-e29b-41d4-a716-446655440013', 6, 0, 60.0, '2025-07-25T10:20:00Z', '2025-07-25T10:20:00Z'),
('b50e8400-e29b-41d4-a716-446655440039', 'a50e8400-e29b-41d4-a716-446655440013', 10, 0, 55.0, '2025-07-25T10:25:00Z', '2025-07-25T10:25:00Z');